"property","pname","email","phone","timestamp","propertyname","buildername",
"10","Anil","anil@gmail.com","9821112534","2014-07-25 16:05:18","Pearl","MJR Builders Pvt.Ltd.",
"8","abcde","a@a.c","9090909090","2014-08-18 15:43:03","Clique Hydra","MJR Builders Pvt.Ltd.",
"8","sfakj","jd@gmail.com","4231432","2014-08-18 15:50:27","Clique Hydra","MJR Builders Pvt.Ltd.",
"8","kjhakjdfh","hh@gmail.com","8794878728","2014-08-18 15:52:09","Clique Hydra","MJR Builders Pvt.Ltd.",
"8","aaa","a@a.c","8989898989","2014-08-18 15:54:29","Clique Hydra","MJR Builders Pvt.Ltd.",
